{"cameraMode":{"drawMode":0,"name":"Shaded","section":"Shading Mode"},"sceneLighting":false,"audioPlay":false,"sceneViewState":{"m_AlwaysRefresh":false,"showFog":true,"showSkybox":false,"showFlares":true,"showImageEffects":true,"showParticleSystems":true,"showVisualEffectGraphs":true,"m_FxEnabled":false},"in2DMode":false,"pivot":{"x":10.665628433227539,"y":2.8870182037353517,"z":-31.108922958374025},"rotation":{"x":0.09393689036369324,"y":0.0939386785030365,"z":-0.008903704583644867,"w":0.9910982251167297},"size":2.2638463973999025,"orthographic":false}